[{"model": "films.genre", "pk": 1, "fields": {"name": "Боевик"}}, {"model": "films.genre", "pk": 2, "fields": {"name": "Комедия"}}, {"model": "films.genre", "pk": 3, "fields": {"name": "Драма"}}, {"model": "films.genre", "pk": 4, "fields": {"name": "Фантастика"}}, {"model": "films.genre", "pk": 5, "fields": {"name": "Ужасы"}}, {"model": "films.genre", "pk": 6, "fields": {"name": "Триллер"}}, {"model": "films.genre", "pk": 7, "fields": {"name": "Мелодрама"}}, {"model": "films.genre", "pk": 8, "fields": {"name": "Приключения"}}, {"model": "films.genre", "pk": 9, "fields": {"name": "Фэнтези"}}, {"model": "films.genre", "pk": 10, "fields": {"name": "Мистика"}}, {"model": "films.genre", "pk": 11, "fields": {"name": "Детектив"}}, {"model": "films.genre", "pk": 12, "fields": {"name": "Анимация"}}, {"model": "films.genre", "pk": 13, "fields": {"name": "Документальный"}}, {"model": "films.genre", "pk": 14, "fields": {"name": "Исторический"}}, {"model": "films.genre", "pk": 15, "fields": {"name": "Вестерн"}}, {"model": "films.film", "pk": 1, "fields": {"name": "Звёздные войны: Эпизод IV – Новая надежда", "duration": 121, "release_date": "1977-05-25", "description": "Описание Звёздные войны: Эпизод IV – Новая надежда", "image": "users/films/1/1713368662.3231936_123.jpeg", "genres": [4, 7]}}, {"model": "films.film", "pk": 2, "fields": {"name": "Властелин колец: Братство Кольца", "duration": 178, "release_date": "2001-12-19", "description": "Описание Властелин колец: Братство Кольца", "image": "users/films/2/1713368908.7703846_234rgt.jpeg", "genres": [4, 7]}}, {"model": "films.film", "pk": 3, "fields": {"name": "Зеленая миля", "duration": 189, "release_date": "1999-12-10", "description": "Описание Зеленая миля", "image": "users/films/3/1713368611.3313107_1918ffe0-e3e5-4c52-9795-df49d0889604-022.png", "genres": [3]}}, {"model": "films.film", "pk": 4, "fields": {"name": "Форрест Гамп", "duration": 142, "release_date": "1994-06-23", "description": "Описание Форрест Гамп", "image": "users/films/4/1713368563.5637631_05455514-32ec-4960-9493-ade45d6d0750-1.png", "genres": [3]}}, {"model": "films.film", "pk": 5, "fields": {"name": "Побег из Шоушенка", "duration": 142, "release_date": "1994-09-10", "description": "Описание Побег из Шоушенка", "image": "users/films/5/1713368968.7475758_f09d19f9-3e68-4f5a-b5a0-51b817c8138b-1.png", "genres": [3]}}, {"model": "films.film", "pk": 6, "fields": {"name": "Начало", "duration": 148, "release_date": "2010-07-16", "description": "Описание Начало", "image": "users/films/6/1713369053.2213588_32b65bac-2ced-4ef0-ae71-6c246509c92a-1.png", "genres": [4, 5]}}, {"model": "films.film", "pk": 7, "fields": {"name": "Матрица", "duration": 136, "release_date": "1999-03-31", "description": "Описание Матрица", "image": "", "genres": [4]}}, {"model": "films.film", "pk": 8, "fields": {"name": "Властелин колец: Возвращение Короля", "duration": 201, "release_date": "2003-12-17", "description": "Описание Властелин колец: Возвращение Короля", "image": "", "genres": [4, 7]}}, {"model": "films.film", "pk": 9, "fields": {"name": "Интерстеллар", "duration": 169, "release_date": "2014-11-06", "description": "Описание Интерстеллар", "image": "", "genres": [3, 4]}}, {"model": "films.film", "pk": 10, "fields": {"name": "1+1", "duration": 112, "release_date": "2011-11-02", "description": "Описание 1+1", "image": "", "genres": [3, 8]}}, {"model": "films.film", "pk": 11, "fields": {"name": "Криминальное чтиво", "duration": 154, "release_date": "1994-09-10", "description": "Описание Криминальное чтиво", "image": "", "genres": [5]}}, {"model": "films.film", "pk": 12, "fields": {"name": "Король Лев", "duration": 88, "release_date": "1994-06-15", "description": "Описание Король Лев", "image": "", "genres": [7]}}, {"model": "films.film", "pk": 13, "fields": {"name": "Бойцовский клуб", "duration": 139, "release_date": "1999-10-15", "description": "Описание Бойцовский клуб", "image": "", "genres": [5, 6]}}, {"model": "films.film", "pk": 14, "fields": {"name": "Темный рыцарь", "duration": 152, "release_date": "2008-07-18", "description": "Описание Темный рыцарь", "image": "", "genres": [5, 6]}}, {"model": "films.film", "pk": 15, "fields": {"name": "Гладиатор", "duration": 155, "release_date": "2000-05-01", "description": "Описание Гладиатор", "image": "", "genres": [6]}}, {"model": "films.film", "pk": 16, "fields": {"name": "Пираты Карибского моря: Проклятие Черной жемчужины", "duration": 143, "release_date": "2003-07-09", "description": "Описание Пираты Карибского моря: Проклятие Черной жемчужины", "image": "", "genres": [7]}}, {"model": "films.film", "pk": 17, "fields": {"name": "Хороший, плохой, злой", "duration": 161, "release_date": "1966-12-23", "description": "Описание Хороший, плохой, злой", "image": "", "genres": [2, 8]}}, {"model": "films.film", "pk": 18, "fields": {"name": "Леон", "duration": 110, "release_date": "1994-09-14", "description": "Описание Леон", "image": "", "genres": [6, 9]}}, {"model": "films.film", "pk": 19, "fields": {"name": "Терминатор 2: Судный день", "duration": 137, "release_date": "1991-07-03", "description": "Описание Терминатор 2: Судный день", "image": "", "genres": [4, 9]}}, {"model": "films.film", "pk": 20, "fields": {"name": "ВАЛЛ·И", "duration": 98, "release_date": "2008-06-27", "description": "Описание ВАЛЛ·И", "image": "", "genres": [1, 4]}}, {"model": "films.film", "pk": 21, "fields": {"name": "Джанго освобожденный", "duration": 165, "release_date": "2012-12-25", "description": "Описание Джанго освобожденный", "image": "", "genres": [6]}}, {"model": "films.film", "pk": 22, "fields": {"name": "Исчезнувшая", "duration": 145, "release_date": "2014-10-02", "description": "Описание Исчезнувшая", "image": "", "genres": [6]}}, {"model": "films.film", "pk": 23, "fields": {"name": "Храброе сердце", "duration": 177, "release_date": "1995-09-08", "description": "Описание Храброе сердце", "image": "", "genres": [6]}}, {"model": "films.film", "pk": 24, "fields": {"name": "Гарри Поттер и Философский камень", "duration": 152, "release_date": "2001-11-16", "description": "Описание Гарри Поттер и Философский камень", "image": "", "genres": [7, 9]}}, {"model": "films.film", "pk": 25, "fields": {"name": "Индиана Джонс: В поисках утраченного ковчега", "duration": 115, "release_date": "1981-06-12", "description": "Описание Индиана Джонс: В поисках утраченного ковчега", "image": "", "genres": [6, 7]}}, {"model": "films.film", "pk": 26, "fields": {"name": "Красота по-американски", "duration": 122, "release_date": "1999-09-08", "description": "Описание Красота по-американски", "image": "", "genres": [2, 8]}}, {"model": "films.film", "pk": 27, "fields": {"name": "Трасса 60", "duration": 92, "release_date": "2001-02-09", "description": "Описание Трасса 60", "image": "", "genres": [1]}}, {"model": "films.film", "pk": 28, "fields": {"name": "Храбрая сердцем", "duration": 93, "release_date": "2012-06-22", "description": "Описание Храбрая сердцем", "image": "", "genres": [6, 9]}}, {"model": "films.film", "pk": 29, "fields": {"name": "Кунг-фу Панда", "duration": 92, "release_date": "2008-06-05", "description": "Описание Кунг-фу Панда", "image": "", "genres": [10, 11]}}, {"model": "films.film", "pk": 30, "fields": {"name": "Рататуй", "duration": 111, "release_date": "2007-06-28", "description": "Описание Рататуй", "image": "", "genres": [10, 11]}}, {"model": "films.film", "pk": 31, "fields": {"name": "Голодные игры", "duration": 142, "release_date": "2012-03-12", "description": "Описание Голодные игры", "image": "", "genres": [6, 11]}}, {"model": "films.film", "pk": 32, "fields": {"name": "Мадагаскар", "duration": 86, "release_date": "2005-05-25", "description": "Описание Мадагаскар", "image": "", "genres": [10, 11]}}, {"model": "films.film", "pk": 33, "fields": {"name": "Человек-паук", "duration": 121, "release_date": "2002-05-03", "description": "Описание Человек-паук", "image": "", "genres": [1, 12]}}, {"model": "films.film", "pk": 34, "fields": {"name": "Кунг-фу Панда 2", "duration": 91, "release_date": "2011-05-26", "description": "Описание Кунг-фу Панда 2", "image": "", "genres": [10, 11]}}, {"model": "films.film", "pk": 35, "fields": {"name": "Мечтатели", "duration": 127, "release_date": "2003-11-19", "description": "Описание Мечтатели", "image": "", "genres": [3]}}, {"model": "films.film", "pk": 36, "fields": {"name": "Гарри Поттер и узник Азкабана", "duration": 142, "release_date": "2004-05-31", "description": "Описание Гарри Поттер и узник Азкабана", "image": "", "genres": [4, 7]}}, {"model": "films.film", "pk": 37, "fields": {"name": "Люди Икс", "duration": 104, "release_date": "2000-07-13", "description": "Описание Люди Икс", "image": "", "genres": [1, 4]}}, {"model": "films.film", "pk": 38, "fields": {"name": "Хранители", "duration": 162, "release_date": "2009-03-06", "description": "Описание Хранители", "image": "", "genres": [4, 7]}}, {"model": "films.film", "pk": 39, "fields": {"name": "Трансформеры", "duration": 144, "release_date": "2007-06-27", "description": "Описание Трансформеры", "image": "", "genres": [1, 4]}}, {"model": "films.film", "pk": 40, "fields": {"name": "Темный рыцарь: Возрождение легенды", "duration": 164, "release_date": "2012-07-16", "description": "Описание Темный рыцарь: Возрождение легенды", "image": "", "genres": [6, 7]}}, {"model": "timetable.auditorium", "pk": 1, "fields": {"number": "Зал 1", "row_count": 10}}, {"model": "timetable.auditorium", "pk": 2, "fields": {"number": "Зал 2", "row_count": 8}}, {"model": "timetable.auditorium", "pk": 3, "fields": {"number": "Зал 3", "row_count": 12}}, {"model": "timetable.auditorium", "pk": 4, "fields": {"number": "Зал 4", "row_count": 9}}, {"model": "timetable.auditorium", "pk": 5, "fields": {"number": "Зал 5", "row_count": 11}}, {"model": "timetable.auditorium", "pk": 6, "fields": {"number": "Зал 6", "row_count": 7}}, {"model": "timetable.auditorium", "pk": 7, "fields": {"number": "Зал 7", "row_count": 10}}, {"model": "timetable.row", "pk": 1, "fields": {"row_number": 1, "column_count": 10, "auditorium": 1}}, {"model": "timetable.row", "pk": 2, "fields": {"row_number": 2, "column_count": 10, "auditorium": 1}}, {"model": "timetable.row", "pk": 3, "fields": {"row_number": 3, "column_count": 10, "auditorium": 1}}, {"model": "timetable.row", "pk": 4, "fields": {"row_number": 4, "column_count": 10, "auditorium": 1}}, {"model": "timetable.row", "pk": 5, "fields": {"row_number": 5, "column_count": 10, "auditorium": 1}}, {"model": "timetable.row", "pk": 6, "fields": {"row_number": 6, "column_count": 10, "auditorium": 1}}, {"model": "timetable.row", "pk": 7, "fields": {"row_number": 7, "column_count": 10, "auditorium": 1}}, {"model": "timetable.row", "pk": 8, "fields": {"row_number": 8, "column_count": 10, "auditorium": 1}}, {"model": "timetable.row", "pk": 9, "fields": {"row_number": 9, "column_count": 10, "auditorium": 1}}, {"model": "timetable.row", "pk": 10, "fields": {"row_number": 10, "column_count": 10, "auditorium": 1}}, {"model": "timetable.row", "pk": 11, "fields": {"row_number": 1, "column_count": 10, "auditorium": 2}}, {"model": "timetable.row", "pk": 12, "fields": {"row_number": 2, "column_count": 10, "auditorium": 2}}, {"model": "timetable.row", "pk": 13, "fields": {"row_number": 3, "column_count": 10, "auditorium": 2}}, {"model": "timetable.row", "pk": 14, "fields": {"row_number": 4, "column_count": 10, "auditorium": 2}}, {"model": "timetable.row", "pk": 15, "fields": {"row_number": 5, "column_count": 10, "auditorium": 2}}, {"model": "timetable.row", "pk": 16, "fields": {"row_number": 6, "column_count": 10, "auditorium": 2}}, {"model": "timetable.row", "pk": 17, "fields": {"row_number": 7, "column_count": 10, "auditorium": 2}}, {"model": "timetable.row", "pk": 18, "fields": {"row_number": 8, "column_count": 10, "auditorium": 2}}, {"model": "timetable.row", "pk": 19, "fields": {"row_number": 9, "column_count": 10, "auditorium": 2}}, {"model": "timetable.row", "pk": 20, "fields": {"row_number": 10, "column_count": 10, "auditorium": 2}}, {"model": "timetable.row", "pk": 21, "fields": {"row_number": 1, "column_count": 10, "auditorium": 3}}, {"model": "timetable.row", "pk": 22, "fields": {"row_number": 2, "column_count": 10, "auditorium": 3}}, {"model": "timetable.row", "pk": 23, "fields": {"row_number": 3, "column_count": 10, "auditorium": 3}}, {"model": "timetable.row", "pk": 24, "fields": {"row_number": 4, "column_count": 10, "auditorium": 3}}, {"model": "timetable.row", "pk": 25, "fields": {"row_number": 5, "column_count": 10, "auditorium": 3}}, {"model": "timetable.row", "pk": 26, "fields": {"row_number": 6, "column_count": 10, "auditorium": 3}}, {"model": "timetable.row", "pk": 27, "fields": {"row_number": 7, "column_count": 10, "auditorium": 3}}, {"model": "timetable.row", "pk": 28, "fields": {"row_number": 8, "column_count": 10, "auditorium": 3}}, {"model": "timetable.row", "pk": 29, "fields": {"row_number": 9, "column_count": 10, "auditorium": 3}}, {"model": "timetable.row", "pk": 30, "fields": {"row_number": 10, "column_count": 10, "auditorium": 3}}, {"model": "timetable.row", "pk": 31, "fields": {"row_number": 1, "column_count": 10, "auditorium": 4}}, {"model": "timetable.row", "pk": 32, "fields": {"row_number": 2, "column_count": 10, "auditorium": 4}}, {"model": "timetable.row", "pk": 33, "fields": {"row_number": 3, "column_count": 10, "auditorium": 4}}, {"model": "timetable.row", "pk": 34, "fields": {"row_number": 4, "column_count": 10, "auditorium": 4}}, {"model": "timetable.row", "pk": 35, "fields": {"row_number": 5, "column_count": 10, "auditorium": 4}}, {"model": "timetable.row", "pk": 36, "fields": {"row_number": 6, "column_count": 10, "auditorium": 4}}, {"model": "timetable.row", "pk": 37, "fields": {"row_number": 7, "column_count": 10, "auditorium": 4}}, {"model": "timetable.row", "pk": 38, "fields": {"row_number": 8, "column_count": 10, "auditorium": 4}}, {"model": "timetable.row", "pk": 39, "fields": {"row_number": 9, "column_count": 10, "auditorium": 4}}, {"model": "timetable.row", "pk": 40, "fields": {"row_number": 10, "column_count": 10, "auditorium": 4}}, {"model": "timetable.row", "pk": 41, "fields": {"row_number": 1, "column_count": 10, "auditorium": 5}}, {"model": "timetable.row", "pk": 42, "fields": {"row_number": 2, "column_count": 10, "auditorium": 5}}, {"model": "timetable.row", "pk": 43, "fields": {"row_number": 3, "column_count": 10, "auditorium": 5}}, {"model": "timetable.row", "pk": 44, "fields": {"row_number": 4, "column_count": 10, "auditorium": 5}}, {"model": "timetable.row", "pk": 45, "fields": {"row_number": 5, "column_count": 10, "auditorium": 5}}, {"model": "timetable.row", "pk": 46, "fields": {"row_number": 6, "column_count": 10, "auditorium": 5}}, {"model": "timetable.row", "pk": 47, "fields": {"row_number": 7, "column_count": 10, "auditorium": 5}}, {"model": "timetable.row", "pk": 48, "fields": {"row_number": 8, "column_count": 10, "auditorium": 5}}, {"model": "timetable.row", "pk": 49, "fields": {"row_number": 9, "column_count": 10, "auditorium": 5}}, {"model": "timetable.row", "pk": 50, "fields": {"row_number": 10, "column_count": 10, "auditorium": 5}}, {"model": "timetable.row", "pk": 51, "fields": {"row_number": 1, "column_count": 10, "auditorium": 6}}, {"model": "timetable.row", "pk": 52, "fields": {"row_number": 2, "column_count": 10, "auditorium": 6}}, {"model": "timetable.row", "pk": 53, "fields": {"row_number": 3, "column_count": 10, "auditorium": 6}}, {"model": "timetable.row", "pk": 54, "fields": {"row_number": 4, "column_count": 10, "auditorium": 6}}, {"model": "timetable.row", "pk": 55, "fields": {"row_number": 5, "column_count": 10, "auditorium": 6}}, {"model": "timetable.row", "pk": 56, "fields": {"row_number": 6, "column_count": 10, "auditorium": 6}}, {"model": "timetable.row", "pk": 57, "fields": {"row_number": 7, "column_count": 10, "auditorium": 6}}, {"model": "timetable.row", "pk": 58, "fields": {"row_number": 8, "column_count": 10, "auditorium": 6}}, {"model": "timetable.row", "pk": 59, "fields": {"row_number": 9, "column_count": 10, "auditorium": 6}}, {"model": "timetable.row", "pk": 60, "fields": {"row_number": 10, "column_count": 10, "auditorium": 6}}, {"model": "timetable.row", "pk": 61, "fields": {"row_number": 1, "column_count": 10, "auditorium": 7}}, {"model": "timetable.row", "pk": 62, "fields": {"row_number": 2, "column_count": 10, "auditorium": 7}}, {"model": "timetable.row", "pk": 63, "fields": {"row_number": 3, "column_count": 10, "auditorium": 7}}, {"model": "timetable.row", "pk": 64, "fields": {"row_number": 4, "column_count": 10, "auditorium": 7}}, {"model": "timetable.row", "pk": 65, "fields": {"row_number": 5, "column_count": 10, "auditorium": 7}}, {"model": "timetable.row", "pk": 66, "fields": {"row_number": 6, "column_count": 10, "auditorium": 7}}, {"model": "timetable.row", "pk": 67, "fields": {"row_number": 7, "column_count": 10, "auditorium": 7}}, {"model": "timetable.row", "pk": 68, "fields": {"row_number": 8, "column_count": 10, "auditorium": 7}}, {"model": "timetable.row", "pk": 69, "fields": {"row_number": 9, "column_count": 10, "auditorium": 7}}, {"model": "timetable.row", "pk": 70, "fields": {"row_number": 10, "column_count": 10, "auditorium": 7}}, {"model": "timetable.filmsession", "pk": 1961, "fields": {"start_datetime": "2024-04-18T08:00:00Z", "end_datetime": "2024-04-18T10:01:00Z", "price": 500.0, "film": 1, "auditorium": 1}}, {"model": "timetable.filmsession", "pk": 1962, "fields": {"start_datetime": "2024-04-19T08:00:00Z", "end_datetime": "2024-04-19T10:58:00Z", "price": 500.0, "film": 2, "auditorium": 1}}, {"model": "timetable.filmsession", "pk": 1963, "fields": {"start_datetime": "2024-04-20T08:00:00Z", "end_datetime": "2024-04-20T11:09:00Z", "price": 500.0, "film": 3, "auditorium": 2}}, {"model": "timetable.filmsession", "pk": 1964, "fields": {"start_datetime": "2024-04-21T08:00:00Z", "end_datetime": "2024-04-21T10:22:00Z", "price": 500.0, "film": 4, "auditorium": 3}}, {"model": "timetable.filmsession", "pk": 1965, "fields": {"start_datetime": "2024-04-20T08:00:00Z", "end_datetime": "2024-04-20T10:22:00Z", "price": 500.0, "film": 5, "auditorium": 4}}, {"model": "timetable.filmsession", "pk": 1966, "fields": {"start_datetime": "2024-04-18T15:00:00Z", "end_datetime": "2024-04-18T17:28:00Z", "price": 500.0, "film": 6, "auditorium": 1}}, {"model": "timetable.filmsession", "pk": 1967, "fields": {"start_datetime": "2024-04-18T08:00:00Z", "end_datetime": "2024-04-18T10:16:00Z", "price": 500.0, "film": 7, "auditorium": 2}}, {"model": "timetable.filmsession", "pk": 1968, "fields": {"start_datetime": "2024-04-11T08:00:00Z", "end_datetime": "2024-04-11T11:21:00Z", "price": 500.0, "film": 8, "auditorium": 3}}, {"model": "timetable.filmsession", "pk": 1969, "fields": {"start_datetime": "2024-04-18T08:01:00Z", "end_datetime": "2024-04-18T10:02:00Z", "price": 500.0, "film": 1, "auditorium": 1}}, {"model": "timetable.filmsession", "pk": 1970, "fields": {"start_datetime": "2024-04-19T10:00:00Z", "end_datetime": "2024-04-19T13:09:00Z", "price": 350.0, "film": 3, "auditorium": 5}}, {"model": "timetable.filmsession", "pk": 1971, "fields": {"start_datetime": "2024-04-19T12:00:00Z", "end_datetime": "2024-04-19T15:09:00Z", "price": 400.0, "film": 3, "auditorium": 6}}, {"model": "timetable.filmsession", "pk": 1972, "fields": {"start_datetime": "2024-04-22T12:00:00Z", "end_datetime": "2024-04-22T14:49:00Z", "price": 500.0, "film": 9, "auditorium": 1}}, {"model": "timetable.filmsession", "pk": 1973, "fields": {"start_datetime": "2024-04-22T12:00:00Z", "end_datetime": "2024-04-22T13:28:00Z", "price": 350.0, "film": 12, "auditorium": 2}}, {"model": "users.profile", "pk": 1, "fields": {"user": 1, "birthday": "2004-07-11", "role": "", "image": "users/avatars/1/1713326226.8362648_Лого.png", "genres": []}}, {"model": "admin.logentry", "pk": 1, "fields": {"action_time": "2024-04-17T03:28:05.424Z", "user": 1, "content_type": 4, "object_id": "1", "object_repr": "andrei", "action_flag": 2, "change_message": "[{\"changed\": {\"name\": \"\\u0414\\u0430\\u043d\\u043d\\u044b\\u0435 \\u043f\\u043e\\u043b\\u044c\\u0437\\u043e\\u0432\\u0430\\u0442\\u0435\\u043b\\u044f\", \"object\": \"Profile object (1)\", \"fields\": [\"\\u0410\\u0432\\u0430\\u0442\\u0430\\u0440 \\u043f\\u043e\\u043b\\u044c\\u0437\\u043e\\u0432\\u0430\\u0442\\u0435\\u043b\\u044f\"]}}]"}}, {"model": "admin.logentry", "pk": 2, "fields": {"action_time": "2024-04-17T03:56:48.532Z", "user": 1, "content_type": 4, "object_id": "1", "object_repr": "andrei", "action_flag": 2, "change_message": "[{\"changed\": {\"name\": \"\\u0414\\u0430\\u043d\\u043d\\u044b\\u0435 \\u043f\\u043e\\u043b\\u044c\\u0437\\u043e\\u0432\\u0430\\u0442\\u0435\\u043b\\u044f\", \"object\": \"Profile object (1)\", \"fields\": [\"\\u0414\\u0430\\u0442\\u0430 \\u0440\\u043e\\u0436\\u0434\\u0435\\u043d\\u0438\\u044f \\u043f\\u043e\\u043b\\u044c\\u0437\\u043e\\u0432\\u0430\\u0442\\u0435\\u043b\\u044f\"]}}]"}}, {"model": "admin.logentry", "pk": 3, "fields": {"action_time": "2024-04-17T03:57:06.840Z", "user": 1, "content_type": 4, "object_id": "1", "object_repr": "andrei", "action_flag": 2, "change_message": "[{\"changed\": {\"name\": \"\\u0414\\u0430\\u043d\\u043d\\u044b\\u0435 \\u043f\\u043e\\u043b\\u044c\\u0437\\u043e\\u0432\\u0430\\u0442\\u0435\\u043b\\u044f\", \"object\": \"Profile object (1)\", \"fields\": [\"\\u0410\\u0432\\u0430\\u0442\\u0430\\u0440 \\u043f\\u043e\\u043b\\u044c\\u0437\\u043e\\u0432\\u0430\\u0442\\u0435\\u043b\\u044f\"]}}]"}}, {"model": "admin.logentry", "pk": 4, "fields": {"action_time": "2024-04-17T13:38:16.401Z", "user": 1, "content_type": 8, "object_id": "3", "object_repr": "Film object (3)", "action_flag": 2, "change_message": "[{\"changed\": {\"fields\": [\"\\u0418\\u0437\\u043e\\u0431\\u0440\\u0430\\u0436\\u0435\\u043d\\u0438\\u0435 \\u0444\\u0438\\u043b\\u044c\\u043c\\u0430\"]}}]"}}, {"model": "admin.logentry", "pk": 5, "fields": {"action_time": "2024-04-17T14:56:35.607Z", "user": 1, "content_type": 8, "object_id": "1", "object_repr": "Film object (1)", "action_flag": 2, "change_message": "[{\"changed\": {\"fields\": [\"\\u0418\\u0437\\u043e\\u0431\\u0440\\u0430\\u0436\\u0435\\u043d\\u0438\\u0435 \\u0444\\u0438\\u043b\\u044c\\u043c\\u0430\"]}}]"}}, {"model": "admin.logentry", "pk": 6, "fields": {"action_time": "2024-04-17T15:14:32.216Z", "user": 1, "content_type": 8, "object_id": "2", "object_repr": "Film object (2)", "action_flag": 2, "change_message": "[{\"changed\": {\"fields\": [\"\\u0418\\u0437\\u043e\\u0431\\u0440\\u0430\\u0436\\u0435\\u043d\\u0438\\u0435 \\u0444\\u0438\\u043b\\u044c\\u043c\\u0430\"]}}]"}}, {"model": "admin.logentry", "pk": 7, "fields": {"action_time": "2024-04-17T15:16:58.889Z", "user": 1, "content_type": 8, "object_id": "3", "object_repr": "Film object (3)", "action_flag": 2, "change_message": "[{\"changed\": {\"fields\": [\"\\u0418\\u0437\\u043e\\u0431\\u0440\\u0430\\u0436\\u0435\\u043d\\u0438\\u0435 \\u0444\\u0438\\u043b\\u044c\\u043c\\u0430\"]}}]"}}, {"model": "admin.logentry", "pk": 8, "fields": {"action_time": "2024-04-17T15:17:49.601Z", "user": 1, "content_type": 8, "object_id": "3", "object_repr": "Film object (3)", "action_flag": 2, "change_message": "[{\"changed\": {\"fields\": [\"\\u0418\\u0437\\u043e\\u0431\\u0440\\u0430\\u0436\\u0435\\u043d\\u0438\\u0435 \\u0444\\u0438\\u043b\\u044c\\u043c\\u0430\"]}}]"}}, {"model": "admin.logentry", "pk": 9, "fields": {"action_time": "2024-04-17T15:21:32.096Z", "user": 1, "content_type": 8, "object_id": "3", "object_repr": "Film object (3)", "action_flag": 2, "change_message": "[{\"changed\": {\"fields\": [\"\\u0418\\u0437\\u043e\\u0431\\u0440\\u0430\\u0436\\u0435\\u043d\\u0438\\u0435 \\u0444\\u0438\\u043b\\u044c\\u043c\\u0430\"]}}]"}}, {"model": "admin.logentry", "pk": 10, "fields": {"action_time": "2024-04-17T15:21:44.201Z", "user": 1, "content_type": 8, "object_id": "2", "object_repr": "Film object (2)", "action_flag": 2, "change_message": "[{\"changed\": {\"fields\": [\"\\u0418\\u0437\\u043e\\u0431\\u0440\\u0430\\u0436\\u0435\\u043d\\u0438\\u0435 \\u0444\\u0438\\u043b\\u044c\\u043c\\u0430\"]}}]"}}, {"model": "admin.logentry", "pk": 11, "fields": {"action_time": "2024-04-17T15:21:48.122Z", "user": 1, "content_type": 8, "object_id": "1", "object_repr": "Film object (1)", "action_flag": 2, "change_message": "[{\"changed\": {\"fields\": [\"\\u0418\\u0437\\u043e\\u0431\\u0440\\u0430\\u0436\\u0435\\u043d\\u0438\\u0435 \\u0444\\u0438\\u043b\\u044c\\u043c\\u0430\"]}}]"}}, {"model": "admin.logentry", "pk": 12, "fields": {"action_time": "2024-04-17T15:21:59.756Z", "user": 1, "content_type": 8, "object_id": "1", "object_repr": "Film object (1)", "action_flag": 2, "change_message": "[{\"changed\": {\"fields\": [\"\\u0418\\u0437\\u043e\\u0431\\u0440\\u0430\\u0436\\u0435\\u043d\\u0438\\u0435 \\u0444\\u0438\\u043b\\u044c\\u043c\\u0430\"]}}]"}}, {"model": "admin.logentry", "pk": 13, "fields": {"action_time": "2024-04-17T15:22:09.807Z", "user": 1, "content_type": 8, "object_id": "2", "object_repr": "Film object (2)", "action_flag": 2, "change_message": "[{\"changed\": {\"fields\": [\"\\u0418\\u0437\\u043e\\u0431\\u0440\\u0430\\u0436\\u0435\\u043d\\u0438\\u0435 \\u0444\\u0438\\u043b\\u044c\\u043c\\u0430\"]}}]"}}, {"model": "admin.logentry", "pk": 14, "fields": {"action_time": "2024-04-17T15:22:52.150Z", "user": 1, "content_type": 8, "object_id": "3", "object_repr": "Film object (3)", "action_flag": 2, "change_message": "[{\"changed\": {\"fields\": [\"\\u0418\\u0437\\u043e\\u0431\\u0440\\u0430\\u0436\\u0435\\u043d\\u0438\\u0435 \\u0444\\u0438\\u043b\\u044c\\u043c\\u0430\"]}}]"}}, {"model": "admin.logentry", "pk": 15, "fields": {"action_time": "2024-04-17T15:41:02.569Z", "user": 1, "content_type": 8, "object_id": "4", "object_repr": "Film object (4)", "action_flag": 2, "change_message": "[{\"changed\": {\"fields\": [\"\\u0418\\u0437\\u043e\\u0431\\u0440\\u0430\\u0436\\u0435\\u043d\\u0438\\u0435 \\u0444\\u0438\\u043b\\u044c\\u043c\\u0430\"]}}]"}}, {"model": "admin.logentry", "pk": 16, "fields": {"action_time": "2024-04-17T15:41:57.450Z", "user": 1, "content_type": 8, "object_id": "4", "object_repr": "Film object (4)", "action_flag": 2, "change_message": "[{\"changed\": {\"fields\": [\"\\u0418\\u0437\\u043e\\u0431\\u0440\\u0430\\u0436\\u0435\\u043d\\u0438\\u0435 \\u0444\\u0438\\u043b\\u044c\\u043c\\u0430\"]}}]"}}, {"model": "admin.logentry", "pk": 17, "fields": {"action_time": "2024-04-17T15:42:43.565Z", "user": 1, "content_type": 8, "object_id": "4", "object_repr": "Film object (4)", "action_flag": 2, "change_message": "[{\"changed\": {\"fields\": [\"\\u0418\\u0437\\u043e\\u0431\\u0440\\u0430\\u0436\\u0435\\u043d\\u0438\\u0435 \\u0444\\u0438\\u043b\\u044c\\u043c\\u0430\"]}}]"}}, {"model": "admin.logentry", "pk": 18, "fields": {"action_time": "2024-04-17T15:43:31.333Z", "user": 1, "content_type": 8, "object_id": "3", "object_repr": "Film object (3)", "action_flag": 2, "change_message": "[{\"changed\": {\"fields\": [\"\\u0418\\u0437\\u043e\\u0431\\u0440\\u0430\\u0436\\u0435\\u043d\\u0438\\u0435 \\u0444\\u0438\\u043b\\u044c\\u043c\\u0430\"]}}]"}}, {"model": "admin.logentry", "pk": 19, "fields": {"action_time": "2024-04-17T15:44:22.325Z", "user": 1, "content_type": 8, "object_id": "1", "object_repr": "Film object (1)", "action_flag": 2, "change_message": "[{\"changed\": {\"fields\": [\"\\u0418\\u0437\\u043e\\u0431\\u0440\\u0430\\u0436\\u0435\\u043d\\u0438\\u0435 \\u0444\\u0438\\u043b\\u044c\\u043c\\u0430\"]}}]"}}, {"model": "admin.logentry", "pk": 20, "fields": {"action_time": "2024-04-17T15:48:28.772Z", "user": 1, "content_type": 8, "object_id": "2", "object_repr": "Film object (2)", "action_flag": 2, "change_message": "[{\"changed\": {\"fields\": [\"\\u0418\\u0437\\u043e\\u0431\\u0440\\u0430\\u0436\\u0435\\u043d\\u0438\\u0435 \\u0444\\u0438\\u043b\\u044c\\u043c\\u0430\"]}}]"}}, {"model": "admin.logentry", "pk": 21, "fields": {"action_time": "2024-04-17T15:49:28.749Z", "user": 1, "content_type": 8, "object_id": "5", "object_repr": "Film object (5)", "action_flag": 2, "change_message": "[{\"changed\": {\"fields\": [\"\\u0418\\u0437\\u043e\\u0431\\u0440\\u0430\\u0436\\u0435\\u043d\\u0438\\u0435 \\u0444\\u0438\\u043b\\u044c\\u043c\\u0430\"]}}]"}}, {"model": "admin.logentry", "pk": 22, "fields": {"action_time": "2024-04-17T15:50:53.223Z", "user": 1, "content_type": 8, "object_id": "6", "object_repr": "Film object (6)", "action_flag": 2, "change_message": "[{\"changed\": {\"fields\": [\"\\u0418\\u0437\\u043e\\u0431\\u0440\\u0430\\u0436\\u0435\\u043d\\u0438\\u0435 \\u0444\\u0438\\u043b\\u044c\\u043c\\u0430\"]}}]"}}, {"model": "admin.logentry", "pk": 23, "fields": {"action_time": "2024-04-18T08:34:43.229Z", "user": 1, "content_type": 4, "object_id": "1", "object_repr": "andrei", "action_flag": 2, "change_message": "[{\"changed\": {\"name\": \"\\u0414\\u0430\\u043d\\u043d\\u044b\\u0435 \\u043f\\u043e\\u043b\\u044c\\u0437\\u043e\\u0432\\u0430\\u0442\\u0435\\u043b\\u044f\", \"object\": \"Profile object (1)\", \"fields\": [\"\\u0414\\u0430\\u0442\\u0430 \\u0440\\u043e\\u0436\\u0434\\u0435\\u043d\\u0438\\u044f \\u043f\\u043e\\u043b\\u044c\\u0437\\u043e\\u0432\\u0430\\u0442\\u0435\\u043b\\u044f\"]}}]"}}, {"model": "admin.logentry", "pk": 24, "fields": {"action_time": "2024-04-18T08:34:59.695Z", "user": 1, "content_type": 4, "object_id": "1", "object_repr": "andrei", "action_flag": 2, "change_message": "[]"}}, {"model": "admin.logentry", "pk": 25, "fields": {"action_time": "2024-04-18T17:18:57.477Z", "user": 1, "content_type": 14, "object_id": "1969", "object_repr": "FilmSession object (1969)", "action_flag": 2, "change_message": "[]"}}, {"model": "admin.logentry", "pk": 26, "fields": {"action_time": "2024-04-18T17:19:04.178Z", "user": 1, "content_type": 14, "object_id": "1969", "object_repr": "FilmSession object (1969)", "action_flag": 2, "change_message": "[{\"changed\": {\"fields\": [\"\\u0414\\u0430\\u0442\\u0430 \\u0438 \\u0432\\u0440\\u0435\\u043c\\u044f \\u043d\\u0430\\u0447\\u0430\\u043b\\u0430 \\u0441\\u0435\\u0430\\u043d\\u0441\\u0430\"]}}]"}}, {"model": "admin.logentry", "pk": 27, "fields": {"action_time": "2024-04-18T17:19:08.112Z", "user": 1, "content_type": 14, "object_id": "1969", "object_repr": "FilmSession object (1969)", "action_flag": 2, "change_message": "[]"}}, {"model": "admin.logentry", "pk": 28, "fields": {"action_time": "2024-04-18T17:25:21.777Z", "user": 1, "content_type": 14, "object_id": "1969", "object_repr": "FilmSession object (1969)", "action_flag": 2, "change_message": "[]"}}, {"model": "admin.logentry", "pk": 29, "fields": {"action_time": "2024-04-18T17:25:27.988Z", "user": 1, "content_type": 14, "object_id": "1968", "object_repr": "FilmSession object (1968)", "action_flag": 2, "change_message": "[]"}}, {"model": "admin.logentry", "pk": 30, "fields": {"action_time": "2024-04-18T17:25:31.216Z", "user": 1, "content_type": 14, "object_id": "1968", "object_repr": "FilmSession object (1968)", "action_flag": 2, "change_message": "[]"}}, {"model": "admin.logentry", "pk": 31, "fields": {"action_time": "2024-04-18T17:25:35.928Z", "user": 1, "content_type": 14, "object_id": "1967", "object_repr": "FilmSession object (1967)", "action_flag": 2, "change_message": "[]"}}, {"model": "admin.logentry", "pk": 32, "fields": {"action_time": "2024-04-18T17:25:45.512Z", "user": 1, "content_type": 14, "object_id": "1967", "object_repr": "FilmSession object (1967)", "action_flag": 2, "change_message": "[]"}}, {"model": "admin.logentry", "pk": 33, "fields": {"action_time": "2024-04-18T17:25:49.764Z", "user": 1, "content_type": 14, "object_id": "1966", "object_repr": "FilmSession object (1966)", "action_flag": 2, "change_message": "[]"}}, {"model": "admin.logentry", "pk": 34, "fields": {"action_time": "2024-04-18T17:25:53.042Z", "user": 1, "content_type": 14, "object_id": "1966", "object_repr": "FilmSession object (1966)", "action_flag": 2, "change_message": "[]"}}, {"model": "admin.logentry", "pk": 35, "fields": {"action_time": "2024-04-18T17:25:57.526Z", "user": 1, "content_type": 14, "object_id": "1965", "object_repr": "FilmSession object (1965)", "action_flag": 2, "change_message": "[]"}}, {"model": "admin.logentry", "pk": 36, "fields": {"action_time": "2024-04-18T17:26:00.738Z", "user": 1, "content_type": 14, "object_id": "1965", "object_repr": "FilmSession object (1965)", "action_flag": 2, "change_message": "[]"}}, {"model": "admin.logentry", "pk": 37, "fields": {"action_time": "2024-04-18T17:26:03.870Z", "user": 1, "content_type": 14, "object_id": "1964", "object_repr": "FilmSession object (1964)", "action_flag": 2, "change_message": "[]"}}, {"model": "admin.logentry", "pk": 38, "fields": {"action_time": "2024-04-18T17:26:06.211Z", "user": 1, "content_type": 14, "object_id": "1964", "object_repr": "FilmSession object (1964)", "action_flag": 2, "change_message": "[]"}}, {"model": "admin.logentry", "pk": 39, "fields": {"action_time": "2024-04-18T17:26:09.261Z", "user": 1, "content_type": 14, "object_id": "1963", "object_repr": "FilmSession object (1963)", "action_flag": 2, "change_message": "[]"}}, {"model": "admin.logentry", "pk": 40, "fields": {"action_time": "2024-04-18T17:26:13.319Z", "user": 1, "content_type": 14, "object_id": "1963", "object_repr": "FilmSession object (1963)", "action_flag": 2, "change_message": "[]"}}, {"model": "admin.logentry", "pk": 41, "fields": {"action_time": "2024-04-18T17:26:16.658Z", "user": 1, "content_type": 14, "object_id": "1962", "object_repr": "FilmSession object (1962)", "action_flag": 2, "change_message": "[]"}}, {"model": "admin.logentry", "pk": 42, "fields": {"action_time": "2024-04-18T17:26:21.430Z", "user": 1, "content_type": 14, "object_id": "1961", "object_repr": "FilmSession object (1961)", "action_flag": 2, "change_message": "[]"}}, {"model": "admin.logentry", "pk": 43, "fields": {"action_time": "2024-04-18T17:26:44.133Z", "user": 1, "content_type": 14, "object_id": "1969", "object_repr": "FilmSession object (1969)", "action_flag": 2, "change_message": "[{\"changed\": {\"fields\": [\"\\u0414\\u0430\\u0442\\u0430 \\u0438 \\u0432\\u0440\\u0435\\u043c\\u044f \\u043d\\u0430\\u0447\\u0430\\u043b\\u0430 \\u0441\\u0435\\u0430\\u043d\\u0441\\u0430\"]}}]"}}, {"model": "admin.logentry", "pk": 44, "fields": {"action_time": "2024-04-18T17:27:48.226Z", "user": 1, "content_type": 14, "object_id": "1970", "object_repr": "FilmSession object (1970)", "action_flag": 1, "change_message": "[{\"added\": {}}]"}}, {"model": "admin.logentry", "pk": 45, "fields": {"action_time": "2024-04-18T17:28:20.791Z", "user": 1, "content_type": 14, "object_id": "1971", "object_repr": "FilmSession object (1971)", "action_flag": 1, "change_message": "[{\"added\": {}}]"}}, {"model": "admin.logentry", "pk": 46, "fields": {"action_time": "2024-04-18T17:29:46.482Z", "user": 1, "content_type": 14, "object_id": "1972", "object_repr": "FilmSession object (1972)", "action_flag": 1, "change_message": "[{\"added\": {}}]"}}, {"model": "admin.logentry", "pk": 47, "fields": {"action_time": "2024-04-18T17:30:08.137Z", "user": 1, "content_type": 14, "object_id": "1973", "object_repr": "FilmSession object (1973)", "action_flag": 1, "change_message": "[{\"added\": {}}]"}}, {"model": "auth.permission", "pk": 1, "fields": {"name": "Can add log entry", "content_type": 1, "codename": "add_logentry"}}, {"model": "auth.permission", "pk": 2, "fields": {"name": "Can change log entry", "content_type": 1, "codename": "change_logentry"}}, {"model": "auth.permission", "pk": 3, "fields": {"name": "Can delete log entry", "content_type": 1, "codename": "delete_logentry"}}, {"model": "auth.permission", "pk": 4, "fields": {"name": "Can view log entry", "content_type": 1, "codename": "view_logentry"}}, {"model": "auth.permission", "pk": 5, "fields": {"name": "Can add permission", "content_type": 2, "codename": "add_permission"}}, {"model": "auth.permission", "pk": 6, "fields": {"name": "Can change permission", "content_type": 2, "codename": "change_permission"}}, {"model": "auth.permission", "pk": 7, "fields": {"name": "Can delete permission", "content_type": 2, "codename": "delete_permission"}}, {"model": "auth.permission", "pk": 8, "fields": {"name": "Can view permission", "content_type": 2, "codename": "view_permission"}}, {"model": "auth.permission", "pk": 9, "fields": {"name": "Can add group", "content_type": 3, "codename": "add_group"}}, {"model": "auth.permission", "pk": 10, "fields": {"name": "Can change group", "content_type": 3, "codename": "change_group"}}, {"model": "auth.permission", "pk": 11, "fields": {"name": "Can delete group", "content_type": 3, "codename": "delete_group"}}, {"model": "auth.permission", "pk": 12, "fields": {"name": "Can view group", "content_type": 3, "codename": "view_group"}}, {"model": "auth.permission", "pk": 13, "fields": {"name": "Can add user", "content_type": 4, "codename": "add_user"}}, {"model": "auth.permission", "pk": 14, "fields": {"name": "Can change user", "content_type": 4, "codename": "change_user"}}, {"model": "auth.permission", "pk": 15, "fields": {"name": "Can delete user", "content_type": 4, "codename": "delete_user"}}, {"model": "auth.permission", "pk": 16, "fields": {"name": "Can view user", "content_type": 4, "codename": "view_user"}}, {"model": "auth.permission", "pk": 17, "fields": {"name": "Can add content type", "content_type": 5, "codename": "add_contenttype"}}, {"model": "auth.permission", "pk": 18, "fields": {"name": "Can change content type", "content_type": 5, "codename": "change_contenttype"}}, {"model": "auth.permission", "pk": 19, "fields": {"name": "Can delete content type", "content_type": 5, "codename": "delete_contenttype"}}, {"model": "auth.permission", "pk": 20, "fields": {"name": "Can view content type", "content_type": 5, "codename": "view_contenttype"}}, {"model": "auth.permission", "pk": 21, "fields": {"name": "Can add session", "content_type": 6, "codename": "add_session"}}, {"model": "auth.permission", "pk": 22, "fields": {"name": "Can change session", "content_type": 6, "codename": "change_session"}}, {"model": "auth.permission", "pk": 23, "fields": {"name": "Can delete session", "content_type": 6, "codename": "delete_session"}}, {"model": "auth.permission", "pk": 24, "fields": {"name": "Can view session", "content_type": 6, "codename": "view_session"}}, {"model": "auth.permission", "pk": 25, "fields": {"name": "Can add kv store", "content_type": 7, "codename": "add_kvstore"}}, {"model": "auth.permission", "pk": 26, "fields": {"name": "Can change kv store", "content_type": 7, "codename": "change_kvstore"}}, {"model": "auth.permission", "pk": 27, "fields": {"name": "Can delete kv store", "content_type": 7, "codename": "delete_kvstore"}}, {"model": "auth.permission", "pk": 28, "fields": {"name": "Can view kv store", "content_type": 7, "codename": "view_kvstore"}}, {"model": "auth.permission", "pk": 29, "fields": {"name": "Can add Фильм", "content_type": 8, "codename": "add_film"}}, {"model": "auth.permission", "pk": 30, "fields": {"name": "Can change Фильм", "content_type": 8, "codename": "change_film"}}, {"model": "auth.permission", "pk": 31, "fields": {"name": "Can delete Фильм", "content_type": 8, "codename": "delete_film"}}, {"model": "auth.permission", "pk": 32, "fields": {"name": "Can view Фильм", "content_type": 8, "codename": "view_film"}}, {"model": "auth.permission", "pk": 33, "fields": {"name": "Can add Жанр", "content_type": 9, "codename": "add_genre"}}, {"model": "auth.permission", "pk": 34, "fields": {"name": "Can change Жанр", "content_type": 9, "codename": "change_genre"}}, {"model": "auth.permission", "pk": 35, "fields": {"name": "Can delete Жанр", "content_type": 9, "codename": "delete_genre"}}, {"model": "auth.permission", "pk": 36, "fields": {"name": "Can view Жанр", "content_type": 9, "codename": "view_genre"}}, {"model": "auth.permission", "pk": 37, "fields": {"name": "Can add Место", "content_type": 10, "codename": "add_rows"}}, {"model": "auth.permission", "pk": 38, "fields": {"name": "Can change Место", "content_type": 10, "codename": "change_rows"}}, {"model": "auth.permission", "pk": 39, "fields": {"name": "Can delete Место", "content_type": 10, "codename": "delete_rows"}}, {"model": "auth.permission", "pk": 40, "fields": {"name": "Can view Место", "content_type": 10, "codename": "view_rows"}}, {"model": "auth.permission", "pk": 41, "fields": {"name": "Can add Зал", "content_type": 11, "codename": "add_auditorium"}}, {"model": "auth.permission", "pk": 42, "fields": {"name": "Can change Зал", "content_type": 11, "codename": "change_auditorium"}}, {"model": "auth.permission", "pk": 43, "fields": {"name": "Can delete Зал", "content_type": 11, "codename": "delete_auditorium"}}, {"model": "auth.permission", "pk": 44, "fields": {"name": "Can view Зал", "content_type": 11, "codename": "view_auditorium"}}, {"model": "auth.permission", "pk": 45, "fields": {"name": "Can add Данные пользователя", "content_type": 12, "codename": "add_profile"}}, {"model": "auth.permission", "pk": 46, "fields": {"name": "Can change Данные пользователя", "content_type": 12, "codename": "change_profile"}}, {"model": "auth.permission", "pk": 47, "fields": {"name": "Can delete Данные пользователя", "content_type": 12, "codename": "delete_profile"}}, {"model": "auth.permission", "pk": 48, "fields": {"name": "Can view Данные пользователя", "content_type": 12, "codename": "view_profile"}}, {"model": "auth.permission", "pk": 49, "fields": {"name": "Can add ticket", "content_type": 13, "codename": "add_ticket"}}, {"model": "auth.permission", "pk": 50, "fields": {"name": "Can change ticket", "content_type": 13, "codename": "change_ticket"}}, {"model": "auth.permission", "pk": 51, "fields": {"name": "Can delete ticket", "content_type": 13, "codename": "delete_ticket"}}, {"model": "auth.permission", "pk": 52, "fields": {"name": "Can view ticket", "content_type": 13, "codename": "view_ticket"}}, {"model": "auth.permission", "pk": 53, "fields": {"name": "Can add Место", "content_type": 10, "codename": "add_row"}}, {"model": "auth.permission", "pk": 54, "fields": {"name": "Can change Место", "content_type": 10, "codename": "change_row"}}, {"model": "auth.permission", "pk": 55, "fields": {"name": "Can delete Место", "content_type": 10, "codename": "delete_row"}}, {"model": "auth.permission", "pk": 56, "fields": {"name": "Can view Место", "content_type": 10, "codename": "view_row"}}, {"model": "auth.permission", "pk": 57, "fields": {"name": "Can add Сеанс", "content_type": 14, "codename": "add_filmsession"}}, {"model": "auth.permission", "pk": 58, "fields": {"name": "Can change Сеанс", "content_type": 14, "codename": "change_filmsession"}}, {"model": "auth.permission", "pk": 59, "fields": {"name": "Can delete Сеанс", "content_type": 14, "codename": "delete_filmsession"}}, {"model": "auth.permission", "pk": 60, "fields": {"name": "Can view Сеанс", "content_type": 14, "codename": "view_filmsession"}}, {"model": "auth.user", "pk": 1, "fields": {"password": "pbkdf2_sha256$600000$SGMNgRa9Qn3vy2iqDx9HJs$po/Vjiyupr3KPrXLB3LV7KhTcGIKZ72zlI1BIWXywKU=", "last_login": "2024-04-18T08:24:35Z", "is_superuser": true, "username": "andrei", "first_name": "Андрей", "last_name": "Дувакин", "email": "andrei@duvakin.ru", "is_staff": true, "is_active": true, "date_joined": "2024-04-16T18:11:38Z", "groups": [], "user_permissions": []}}, {"model": "contenttypes.contenttype", "pk": 1, "fields": {"app_label": "admin", "model": "logentry"}}, {"model": "contenttypes.contenttype", "pk": 2, "fields": {"app_label": "auth", "model": "permission"}}, {"model": "contenttypes.contenttype", "pk": 3, "fields": {"app_label": "auth", "model": "group"}}, {"model": "contenttypes.contenttype", "pk": 4, "fields": {"app_label": "auth", "model": "user"}}, {"model": "contenttypes.contenttype", "pk": 5, "fields": {"app_label": "contenttypes", "model": "contenttype"}}, {"model": "contenttypes.contenttype", "pk": 6, "fields": {"app_label": "sessions", "model": "session"}}, {"model": "contenttypes.contenttype", "pk": 7, "fields": {"app_label": "thumbnail", "model": "kvstore"}}, {"model": "contenttypes.contenttype", "pk": 8, "fields": {"app_label": "films", "model": "film"}}, {"model": "contenttypes.contenttype", "pk": 9, "fields": {"app_label": "films", "model": "genre"}}, {"model": "contenttypes.contenttype", "pk": 10, "fields": {"app_label": "timetable", "model": "row"}}, {"model": "contenttypes.contenttype", "pk": 11, "fields": {"app_label": "timetable", "model": "auditorium"}}, {"model": "contenttypes.contenttype", "pk": 12, "fields": {"app_label": "users", "model": "profile"}}, {"model": "contenttypes.contenttype", "pk": 13, "fields": {"app_label": "tickets", "model": "ticket"}}, {"model": "contenttypes.contenttype", "pk": 14, "fields": {"app_label": "timetable", "model": "filmsession"}}, {"model": "sessions.session", "pk": "c8a5h64jgyuvsmdbs1791zvxikkyr5q9", "fields": {"session_data": ".eJxVjEEOwiAQRe_C2hDKSKEu3fcMZJgZbNVAUtqV8e7apAvd_vfef6mI2zrFrckSZ1YX1anT75aQHlJ2wHcst6qplnWZk94VfdCmx8ryvB7u38GEbfrW0PXMhMKGQCgYyQ69hESuc2TAJkeWgu3FWxgQDYgHHhyDSMYzZ_X-AA28ORQ:1rxN4N:QB0QbZ4KoIUnlFXYOjDPdAVPcMqLi7gfK-kyqGqc1-c", "expire_date": "2024-05-02T08:24:35.218Z"}}, {"model": "sessions.session", "pk": "fqbsrxl79noi79dd6o4cey4pbtx8jizn", "fields": {"session_data": ".eJxVjEEOwiAQRe_C2hDKSKEu3fcMZJgZbNVAUtqV8e7apAvd_vfef6mI2zrFrckSZ1YX1anT75aQHlJ2wHcst6qplnWZk94VfdCmx8ryvB7u38GEbfrW0PXMhMKGQCgYyQ69hESuc2TAJkeWgu3FWxgQDYgHHhyDSMYzZ_X-AA28ORQ:1rxMgK:HhzANHQTKETVTu9xLO9f-cm8UOI73nBrOKV6k-uht2s", "expire_date": "2024-05-02T07:59:44.282Z"}}, {"model": "thumbnail.kvstore", "pk": "sorl-thumbnail||image||0710b840a8d4bd6808a122695bcc1284", "fields": {"value": "{\"name\": \"users/films/6/1713369053.2213588_32b65bac-2ced-4ef0-ae71-6c246509c92a-1.png\", \"storage\": \"django.core.files.storage.filesystem.FileSystemStorage\", \"size\": [768, 512]}"}}, {"model": "thumbnail.kvstore", "pk": "sorl-thumbnail||image||255304c1809b3183e2de30d5d0905a65", "fields": {"value": "{\"name\": \"cache/30/67/30678ff17bac7f592d61af6a403fceaf.jpg\", \"storage\": \"django.core.files.storage.filesystem.FileSystemStorage\", \"size\": [300, 300]}"}}, {"model": "thumbnail.kvstore", "pk": "sorl-thumbnail||image||2c2f381181cfdf98c05259a54f5e45a0", "fields": {"value": "{\"name\": \"users/films/3/1713368611.3313107_1918ffe0-e3e5-4c52-9795-df49d0889604-022.png\", \"storage\": \"django.core.files.storage.filesystem.FileSystemStorage\", \"size\": [768, 422]}"}}, {"model": "thumbnail.kvstore", "pk": "sorl-thumbnail||image||31ce81563bf79ee5031ccf888deeef31", "fields": {"value": "{\"name\": \"users/films/4/1713368563.5637631_05455514-32ec-4960-9493-ade45d6d0750-1.png\", \"storage\": \"django.core.files.storage.filesystem.FileSystemStorage\", \"size\": [768, 512]}"}}, {"model": "thumbnail.kvstore", "pk": "sorl-thumbnail||image||3db8a1bc7c3b5eb9c9a200addd811092", "fields": {"value": "{\"name\": \"users/films/5/1713368968.7475758_f09d19f9-3e68-4f5a-b5a0-51b817c8138b-1.png\", \"storage\": \"django.core.files.storage.filesystem.FileSystemStorage\", \"size\": [768, 512]}"}}, {"model": "thumbnail.kvstore", "pk": "sorl-thumbnail||image||3e3d9f80985fb97b94786fb2d5a2f785", "fields": {"value": "{\"name\": \"users/films/2/1713368908.7703846_234rgt.jpeg\", \"storage\": \"django.core.files.storage.filesystem.FileSystemStorage\", \"size\": [1024, 1024]}"}}, {"model": "thumbnail.kvstore", "pk": "sorl-thumbnail||image||7d537041a23511bd3eb1ead56f9b71a7", "fields": {"value": "{\"name\": \"users/films/1/1713368662.3231936_123.jpeg\", \"storage\": \"django.core.files.storage.filesystem.FileSystemStorage\", \"size\": [1024, 519]}"}}, {"model": "thumbnail.kvstore", "pk": "sorl-thumbnail||image||864b602a2ef9a0aa66dbadf9cfa4a4ed", "fields": {"value": "{\"name\": \"cache/2a/8b/2a8b3f3bbd6aafda1bf958c36b4219b4.jpg\", \"storage\": \"django.core.files.storage.filesystem.FileSystemStorage\", \"size\": [300, 300]}"}}, {"model": "thumbnail.kvstore", "pk": "sorl-thumbnail||image||bbcad553c1e2a348d58b2a3525f3c6d0", "fields": {"value": "{\"name\": \"cache/0e/ba/0ebaa2e2cf696fd2511ce011746bd56e.jpg\", \"storage\": \"django.core.files.storage.filesystem.FileSystemStorage\", \"size\": [300, 300]}"}}, {"model": "thumbnail.kvstore", "pk": "sorl-thumbnail||image||c587b4d7105b618f23d4497f30054ad9", "fields": {"value": "{\"name\": \"cache/8f/13/8f13eae7c6f9583bdf30b94d9ec6d65a.jpg\", \"storage\": \"django.core.files.storage.filesystem.FileSystemStorage\", \"size\": [300, 300]}"}}, {"model": "thumbnail.kvstore", "pk": "sorl-thumbnail||image||e67215d2b49b61fc1f17c3bc7415f8c1", "fields": {"value": "{\"name\": \"cache/56/b8/56b81db9eb28b1bb7abc38f45dec6150.jpg\", \"storage\": \"django.core.files.storage.filesystem.FileSystemStorage\", \"size\": [300, 300]}"}}, {"model": "thumbnail.kvstore", "pk": "sorl-thumbnail||image||f035848d750fce98c384a5af34c416b3", "fields": {"value": "{\"name\": \"cache/95/13/95134e856035ae443a31c13940e2ae1c.jpg\", \"storage\": \"django.core.files.storage.filesystem.FileSystemStorage\", \"size\": [300, 300]}"}}, {"model": "thumbnail.kvstore", "pk": "sorl-thumbnail||thumbnails||0710b840a8d4bd6808a122695bcc1284", "fields": {"value": "[\"f035848d750fce98c384a5af34c416b3\"]"}}, {"model": "thumbnail.kvstore", "pk": "sorl-thumbnail||thumbnails||2c2f381181cfdf98c05259a54f5e45a0", "fields": {"value": "[\"c587b4d7105b618f23d4497f30054ad9\"]"}}, {"model": "thumbnail.kvstore", "pk": "sorl-thumbnail||thumbnails||31ce81563bf79ee5031ccf888deeef31", "fields": {"value": "[\"bbcad553c1e2a348d58b2a3525f3c6d0\"]"}}, {"model": "thumbnail.kvstore", "pk": "sorl-thumbnail||thumbnails||3db8a1bc7c3b5eb9c9a200addd811092", "fields": {"value": "[\"864b602a2ef9a0aa66dbadf9cfa4a4ed\"]"}}, {"model": "thumbnail.kvstore", "pk": "sorl-thumbnail||thumbnails||3e3d9f80985fb97b94786fb2d5a2f785", "fields": {"value": "[\"e67215d2b49b61fc1f17c3bc7415f8c1\"]"}}, {"model": "thumbnail.kvstore", "pk": "sorl-thumbnail||thumbnails||7d537041a23511bd3eb1ead56f9b71a7", "fields": {"value": "[\"255304c1809b3183e2de30d5d0905a65\"]"}}]