[{"model": "films.genre", "pk": 1, "fields": {"name": "Боевик"}}, {"model": "films.genre", "pk": 2, "fields": {"name": "Комедия"}}, {"model": "films.genre", "pk": 3, "fields": {"name": "Драма"}}, {"model": "films.genre", "pk": 4, "fields": {"name": "Фантастика"}}, {"model": "films.genre", "pk": 5, "fields": {"name": "Ужасы"}}, {"model": "films.genre", "pk": 6, "fields": {"name": "Триллер"}}, {"model": "films.genre", "pk": 7, "fields": {"name": "Мелодрама"}}, {"model": "films.genre", "pk": 8, "fields": {"name": "Приключения"}}, {"model": "films.genre", "pk": 9, "fields": {"name": "Фэнтези"}}, {"model": "films.genre", "pk": 10, "fields": {"name": "Мистика"}}, {"model": "films.genre", "pk": 11, "fields": {"name": "Детектив"}}, {"model": "films.genre", "pk": 12, "fields": {"name": "Анимация"}}, {"model": "films.genre", "pk": 13, "fields": {"name": "Документальный"}}, {"model": "films.genre", "pk": 14, "fields": {"name": "Исторический"}}, {"model": "films.genre", "pk": 15, "fields": {"name": "Вестерн"}}, {"model": "films.director", "pk": 1, "fields": {"first_name": "Кристофер", "last_name": "Нолан"}}, {"model": "films.director", "pk": 2, "fields": {"first_name": "Стивен", "last_name": "Спилберг"}}, {"model": "films.director", "pk": 3, "fields": {"first_name": "Квентин", "last_name": "Тарантино"}}, {"model": "films.director", "pk": 4, "fields": {"first_name": "Мартин", "last_name": "Скорсезе"}}, {"model": "films.director", "pk": 5, "fields": {"first_name": "Дэвид", "last_name": "Финчер"}}, {"model": "films.director", "pk": 6, "fields": {"first_name": "Питер", "last_name": "Джексон"}}, {"model": "films.director", "pk": 7, "fields": {"first_name": "Ридли", "last_name": "Скотт"}}, {"model": "films.director", "pk": 8, "fields": {"first_name": "Джеймс", "last_name": "Кэмерон"}}, {"model": "films.director", "pk": 9, "fields": {"first_name": "Стэнли", "last_name": "Кубрик"}}, {"model": "films.director", "pk": 10, "fields": {"first_name": "Фрэнсис", "last_name": "Форд Коппола"}}, {"model": "films.director", "pk": 11, "fields": {"first_name": "Альфред", "last_name": "Хичкок"}}, {"model": "films.director", "pk": 12, "fields": {"first_name": "Джордж", "last_name": "Лукас"}}, {"model": "films.actor", "pk": 1, "fields": {"first_name": "Том", "last_name": "Хэнкс"}}, {"model": "films.actor", "pk": 2, "fields": {"first_name": "Леонардо", "last_name": "ДиКаприо"}}, {"model": "films.actor", "pk": 3, "fields": {"first_name": "Мэттью", "last_name": "МакКонахи"}}, {"model": "films.actor", "pk": 4, "fields": {"first_name": "Дензел", "last_name": "Вашингтон"}}, {"model": "films.actor", "pk": 5, "fields": {"first_name": "Брэд", "last_name": "Питт"}}, {"model": "films.actor", "pk": 6, "fields": {"first_name": "Мэрил", "last_name": "Стрип"}}, {"model": "films.actor", "pk": 7, "fields": {"first_name": "Натали", "last_name": "Портман"}}, {"model": "films.actor", "pk": 8, "fields": {"first_name": "Джонни", "last_name": "Депп"}}, {"model": "films.actor", "pk": 9, "fields": {"first_name": "Кейт", "last_name": "Бланшетт"}}, {"model": "films.actor", "pk": 10, "fields": {"first_name": "Энди", "last_name": "Серкис"}}, {"model": "films.actor", "pk": 11, "fields": {"first_name": "Сигурни", "last_name": "Уивер"}}, {"model": "films.actor", "pk": 12, "fields": {"first_name": "Кейт", "last_name": "Уинслет"}}, {"model": "films.country", "pk": 1, "fields": {"name": "США"}}, {"model": "films.country", "pk": 2, "fields": {"name": "Великобритания"}}, {"model": "films.country", "pk": 3, "fields": {"name": "Франция"}}, {"model": "films.country", "pk": 4, "fields": {"name": "Германия"}}, {"model": "films.country", "pk": 5, "fields": {"name": "Италия"}}, {"model": "films.country", "pk": 6, "fields": {"name": "Канада"}}, {"model": "films.country", "pk": 7, "fields": {"name": "Япония"}}, {"model": "films.country", "pk": 8, "fields": {"name": "Индия"}}, {"model": "films.country", "pk": 9, "fields": {"name": "Австралия"}}, {"model": "films.country", "pk": 10, "fields": {"name": "Россия"}}, {"model": "films.country", "pk": 11, "fields": {"name": "Китай"}}, {"model": "films.country", "pk": 12, "fields": {"name": "Испания"}}, {"model": "films.film", "pk": 1, "fields": {"name": "Звёздные войны: Эпизод IV – Новая надежда", "duration": 121, "release_date": "1977-05-25", "description": "В этом эпическом космическом приключении мы погружаемся в галактику, где воюют добро и зло, где герои сражаются за свободу и справедливость. В центре сюжета - молодой фермер Люк Скайуокер, который, вместе с джедаем Оби-Ван Кеноби и контрабандистом Ханом Соло, отправляется на поиски принцессы Леи Органы и борется против зловещей Империи. На их пути встречаются дроиды, воины, силы тьмы и света, а также искрометные персонажи, добавляющие юмора и динамики к захватывающим сражениям. В их руках судьба всей галактики, и только благородство и смелость помогут им одержать победу в этой эпической битве.", "image": "users/films/1/1713368662.3231936_123.jpeg", "age_limit": "16+", "genres": [4, 7], "directors": [1], "countries": [1], "actors": [1]}}, {"model": "films.film", "pk": 2, "fields": {"name": "Властелин колец: Братство Кольца", "duration": 178, "release_date": "2001-12-19", "description": "В таинственном мире Средиземья, где древние расы, волшебные существа и магия встречаются с судьбоносными событиями, начинается эпическое путешествие. Братство Кольца формируется из разношерстной группы существ, объединенных общей целью - уничтожить Кольцо Всевластия, созданное зловещим тёмным волшебником Сауроном.", "image": "users/films/2/1713368908.7703846_234rgt.jpeg", "age_limit": "12+", "genres": [4, 7], "directors": [1, 2], "countries": [1, 2], "actors": [1, 2]}}, {"model": "films.film", "pk": 3, "fields": {"name": "Зеленая миля", "duration": 189, "release_date": "1999-12-10", "description": "На территории тюрьмы \"Холодная гора\" посреди Луизианы разворачивается удивительная и трогательная история о доброте, милосердии и неожиданных чудесах. Повествование ведется от лица Пола Эджкомба, надзирателя блока смертников, который свидетельствует о загадочных событиях, происходящих с новым заключенным Джоном Коффи.", "image": "users/films/3/1713543113.7882318_442c52a2-10b9-4f36-9a65-26b42a1d8766-1.png", "age_limit": "12+", "genres": [3], "directors": [1, 2, 3], "countries": [2], "actors": [1, 2, 3]}}, {"model": "films.film", "pk": 4, "fields": {"name": "Форрест Гамп", "duration": 142, "release_date": "1994-06-23", "description": "В самом сердце Америки, в маленьком городке Гринбоу, Алабама, родился Форрест Гамп - обычный парень с необычным умом. Не смотря на свои невероятные способности, Форрест проживает непростую жизнь, полную неожиданных поворотов судьбы.  Начиная с детства, его жизнь переплетается с ключевыми моментами истории Соединенных Штатов Америки во второй половине XX века: он становится свидетелем гражданского движения за гражданские права, участвует во Вьетнамской войне, становится спортсменом, успешным бизнесменом и даже участвует в политике. Однако, несмотря на свои достижения и опыт, для Форреста самым важным всегда остаются простые, но драгоценные моменты жизни, такие как любовь к друзьям и родным, верность и честность.", "image": "users/films/4/1713543167.6647074_abe76766-8ae4-468d-a897-65e42768b510-0.png", "age_limit": "12+", "genres": [3], "directors": [1, 2, 3, 4], "countries": [3], "actors": [1, 2, 3, 4]}}, {"model": "films.film", "pk": 5, "fields": {"name": "Побег из Шоушенка", "duration": 142, "release_date": "1994-09-10", "description": "\"Побег из Шоушенка\" - это потрясающая история о дружбе, надежде и невероятной силе человеческого духа.  В центре сюжета - Энди Дюфрейн, обычный банкир, который был неправомерно осужден за убийство своей жены и ее любовника. Оказавшись в тюрьме Шоушенк, он сталкивается с жестокостью и несправедливостью системы, но не теряет надежды на свободу.", "image": "users/films/5/1713543228.7006924_edbd38b4-7bad-4d51-97a9-0c9d103db45f-3.png", "age_limit": "12+", "genres": [3], "directors": [1, 2, 3, 4, 5], "countries": [4], "actors": [1, 2, 3, 4, 5]}}, {"model": "films.film", "pk": 6, "fields": {"name": "Начало", "duration": 148, "release_date": "2010-07-16", "description": "История следует за Домиником Коббом, опытным вором секретов, специализирующимся на искусстве извлечения информации из чужих снов. Он обладает уникальной способностью проникать в подсознание других людей через их сновидения. Но его собственное прошлое таинственно связано с его же ночными кошмарами, которые преследуют его повсюду.  Под руководством таинственного работодателя, Кобб собирает команду специалистов для выполнения невозможной миссии - не просто извлечь информацию из чужих снов, а внедрить ее туда. Однако их задача осложняется тем, что они должны создать иллюзию, которая была бы столь убедительной, что цель никогда бы не подозревала о вторжении.", "image": "users/films/6/1713369053.2213588_32b65bac-2ced-4ef0-ae71-6c246509c92a-1.png", "age_limit": "12+", "genres": [4, 5], "directors": [1, 2, 3, 4, 5, 6], "countries": [3], "actors": [1, 2, 3, 4, 5, 6]}}, {"model": "films.film", "pk": 7, "fields": {"name": "Матрица", "duration": 136, "release_date": "1999-03-31", "description": "В мире, овладевшем технологиями искусственного интеллекта, главный герой Нео, обычный программист, внезапно обнаруживает, что его жизнь - это лишь часть огромной виртуальной реальности, созданной машинами, чтобы удерживать человечество под контролем. После встречи с Морфеем, загадочным повстанцем, Нео вступает в борьбу за освобождение человечества от рабства Матрицы.  Фильм исследует темы реальности, свободы и самоидентификации через потрясающие визуальные эффекты и захватывающие боевые сцены. Он предлагает зрителю глубокие размышления о том, что такое истинная реальность и как мы воспринимаем мир вокруг себя. \"Матрица\" оставляет зрителя с вопросами и вызовами, которые продолжают звучать в их сознании и после завершения просмотра.", "image": "users/films/7/1713544145.0738995_8e91bb66-fe37-42ad-a32a-40fc522833da-3.png", "age_limit": "12+", "genres": [4], "directors": [1, 2, 3, 4, 5, 6, 7], "countries": [1], "actors": [1, 2, 3, 4, 5, 6, 7]}}, {"model": "films.film", "pk": 8, "fields": {"name": "Властелин колец: Возвращение Короля", "duration": 201, "release_date": "2003-12-17", "description": "После разрушения Фордора, Голлума и Саурона, Фродо и Сэм продолжают свой путь к Роковой Горе, где им предстоит уничтожить Кольцо Всевластия. В это время, Арагорн собирает армию для сражения с орками и Сауроном, чтобы защитить Гондор и подготовиться к финальной битве за Средиземье.  \"Возвращение Короля\" пропитана эпической борьбой за выживание и свободу. Фильм исследует темы дружбы, преданности, смелости и жертвы, а также показывает, что даже в самые темные времена есть место для надежды. Визуальные эффекты, масштабные сражения и глубокие персонажи делают этот фильм одним из самых впечатляющих произведений в жанре фэнтези.", "image": "users/films/8/1713544180.4629092_b368a241-0d61-4edd-8c9e-2cb2641ad5e8-3.png", "age_limit": "12+", "genres": [4, 7], "directors": [1, 2, 3, 4, 5, 6, 7, 8], "countries": [2], "actors": [1, 2, 3, 4, 5, 6, 7, 8]}}, {"model": "films.film", "pk": 9, "fields": {"name": "Интерстеллар", "duration": 169, "release_date": "2014-11-06", "description": "Сюжет разворачивается в будущем, когда Земля столкнулась с катастрофическими изменениями климата, и человечество стоит перед угрозой вымирания.  Основная история следует за бывшим пилотом и инженером, который присоединяется к экспедиции, отправленной на поиски новых обитаемых планет в других галактиках. Группе исследователей предстоит пройти через червоточины, где время и пространство искажены, чтобы найти подходящую планету для переселения человечества.", "image": "users/films/9/1713541295.0377595_4f5c7334-2e7d-41fe-8bad-8ebe063619ff-0.png", "age_limit": "12+", "genres": [3, 4], "directors": [9], "countries": [9], "actors": [1, 2]}}, {"model": "films.film", "pk": 10, "fields": {"name": "1+1", "duration": 112, "release_date": "2011-11-02", "description": "В центре сюжета - история о дружбе между богатым аристократом по имени Филиппом и бывшим заключенным по имени Дрисс. Филипп, парализованный после несчастного случая, нанимает Дрисса в качестве своего помощника, и отношения между ними развиваются в неожиданном направлении. Фильм основан на реальных событиях и рассказывает о том, как дружба и взаимопонимание могут преодолеть любые преграды.", "image": "users/films/10/1713541381.6086452_01d07777-f746-4817-af5d-9c560cd63549-1.png", "age_limit": "12+", "genres": [3, 8], "directors": [1, 2, 3, 4, 5, 6, 7, 8, 9, 10], "countries": [4], "actors": [1, 2, 3, 4, 5, 6, 7, 8, 9, 10]}}, {"model": "films.film", "pk": 11, "fields": {"name": "Криминальное чтиво", "duration": 154, "release_date": "1994-09-10", "description": "Фильм состоит из нескольких переплетённых историй, события которых происходят в мире преступности Лос-Анджелеса. Он известен своими острыми диалогами, насыщенным сюжетом и характерами, а также нестандартной структурой повествования. \"Криминальное чтиво\" получило признание критиков и зрителей и стал одним из самых известных фильмов в жанре криминальной драмы.", "image": "users/films/11/1713541432.8553054_fef1edb1-fae7-47f9-a7fb-2dd76702f79b-0.png", "age_limit": "12+", "genres": [5], "directors": [1, 2, 3, 4, 5, 6, 7, 8, 9, 10, 11], "countries": [6], "actors": [1, 2, 3, 4, 5, 6, 7, 8, 9, 10, 11]}}, {"model": "films.film", "pk": 12, "fields": {"name": "Король Лев", "duration": 88, "release_date": "1994-06-15", "description": "Фильм рассказывает историю льва по имени Симба, который пытается восстановить порядок в своём царстве, Скопа. Он сражается с амбициозным дядей Скаром, который хочет захватить власть. Фильм пользуется огромной популярностью благодаря своей потрясающей анимации, захватывающему сюжету, запоминающимся персонажам и незабываемой музыке.", "image": "users/films/12/1713541342.7425854_795d7b75-dcf8-444e-a022-902c77e397a4-0.png", "age_limit": "12+", "genres": [7], "directors": [1, 2], "countries": [1], "actors": [1, 2, 12]}}, {"model": "films.film", "pk": 13, "fields": {"name": "Бойцовский клуб", "duration": 139, "release_date": "1999-10-15", "description": "Главный герой, невыразительный и безымянный, ищет смысл в своей жизни и находит его в необычной форме бойцовского клуба, который он создает совместно с эксцентричным и загадочным Тайлером Дерденом. В этом клубе люди с разных социальных слоев сражаются друг с другом без правил и страха перед смертью, погружаясь в адреналин и экстремальные эмоции. По мере развития сюжета, бойцовский клуб превращается во что-то большее, чем просто место битвы - это символическое выражение бунта против общественных ограничений и потребности в аутентичности и свободе.", "image": "users/films/13/1713544379.7713618_7f9212dd-f60f-4faf-bcce-d981f68a55ee-3.png", "age_limit": "12+", "genres": [5, 6], "directors": [1, 2, 3, 4, 5, 6, 7, 8, 9, 10, 11, 12], "countries": [1], "actors": [1, 2, 3, 4, 5, 6, 7, 8, 9, 10, 11, 12]}}, {"model": "films.film", "pk": 14, "fields": {"name": "Темный рыцарь", "duration": 152, "release_date": "2008-07-18", "description": "Когда преступная деятельность достигает новых высот, Бэтмен вынужден взять на себя более сложные и опасные вызовы, чем когда-либо прежде. Появление безумного и непредсказуемого Джокера заставляет Бэтмена столкнуться с моральными дилеммами и темными сторонами своей личности. В то время как Джокер пытается раскачать Готэм до своих основ, Бэтмен сталкивается с выбором между сохранением своих принципов и борьбой с тем, кем он стал. \"Темный рыцарь\" исследует тему коррупции, моральной амбивалентности и цены, которую приходится платить за спасение города.", "image": "users/films/14/1713544502.0631104_d16a314e-d7fe-419b-a1f0-2d178555df04-2.png", "age_limit": "18+", "genres": [5, 6], "directors": [1, 2, 3, 4, 5, 6, 7, 8, 9, 10, 11, 12], "countries": [5], "actors": [1, 2, 3, 4, 5, 6, 7, 8, 9, 10, 11, 12]}}, {"model": "films.film", "pk": 15, "fields": {"name": "Гладиатор", "duration": 155, "release_date": "2000-05-01", "description": "\"Гладиатор\" рассказывает историю о Максимусе Дециме Меридии, генерале римской армии, который становится рабом и гладиатором после убийства своей семьи императором Коммодом. Продолжая жить, чтобы мстить за своих близких, Максимус становится легендарным воином в колизее, завоевывая публичное признание и поддержку народа. В то время как он борется в арене, его стремления к мести сталкиваются с политическими интригами и внутренними борьбами в самой Римской империи. Фильм исследует темы предательства, чести, мести и выживания в безжалостном мире древнего Рима.", "image": "users/films/15/1713544664.7472544_ec3eb969-5c80-4881-bda5-8b94f1c1912f-2.png", "age_limit": "12+", "genres": [6], "directors": [1, 2, 3, 4, 5, 6, 7, 8, 9, 10, 11, 12], "countries": [8], "actors": [1, 2, 3, 4, 5, 6, 7, 8, 9, 10, 11, 12]}}, {"model": "films.film", "pk": 16, "fields": {"name": "Пираты Карибского моря: Проклятие Черной жемчужины", "duration": 143, "release_date": "2003-07-09", "description": "\"Пираты Карибского моря: Проклятие Черной жемчужины\" рассказывает о приключениях капитана Джека Воробья, коварного пирата с непредсказуемым характером, и Уилла Тернера, молодого и решительного парня, влюбленного в дочь губернатора Элизабет Суонн. Их пути пересекаются, когда на Карибских островах начинают происходить загадочные и жуткие события, связанные с проклятием Черной жемчужины. Этот жемчужный корабль, за которым охотится капитан Гектор Барбосса, проклят самими пиратами, ставшими зомби-привидениями, и обречен на бесконечный поиск азартного капитана Джека. Вместе с командой непредсказуемых пиратов, Джек и Уилл сражаются за свою свободу и противостоят зловещему проклятию, раскрывая тайны и взаимоотношения, которые определяют судьбу каждого из них.", "image": "users/films/16/1713541511.347371_a2b8a910-efa7-42ba-a1ae-af7f7e28275f-0.png", "age_limit": "12+", "genres": [7], "directors": [1, 2, 3, 4, 5, 6, 7, 8, 9, 10, 11, 12], "countries": [7], "actors": [1, 2, 3, 4, 5, 6, 7, 8, 9, 10, 11, 12]}}, {"model": "films.film", "pk": 17, "fields": {"name": "Хороший, плохой, злой", "duration": 161, "release_date": "1966-12-23", "description": "Главный сюжет фильма закручивается вокруг карты, указывающей местонахождение золота, спрятанного в кладовой. Каждый из главных героев стремится обладать этой картой: \"Блондин\" - для своей личной выгоды, \"Ангел Грязи\" - чтобы выиграть награду за арест \"Блондина\", а \"Сент-Джон\" - чтобы освободить своего брата из тюрьмы. Их пути пересекаются их цели, и они вынуждены объединиться, чтобы пережить враждебные ситуации и сразиться с врагами.", "image": "users/films/17/1713544710.222768_9e7136e9-5100-493c-ad9d-4767c9e8ad47-0.png", "age_limit": "12+", "genres": [2, 8], "directors": [1], "countries": [1], "actors": [1, 3, 4, 5, 6]}}, {"model": "films.film", "pk": 18, "fields": {"name": "Леон", "duration": 110, "release_date": "1994-09-14", "description": "\"Леон\" - это драматический триллер, рассказывающий о необычной дружбе между профессиональным наемным убийцей по прозвищу Леоном и девятилетней девочкой по имени Матильда. Сюжет разворачивается в темных улицах Нью-Йорка и следует за этой парой, когда они пытаются выжить в опасном мире преступности и коррупции.  Матильда оказывается в зоне риска после того, как ее семья убивается наемным убийцей по имени Стансфилд, нанятым местным наркобароном. После убийства семьи Матильда обращается к Леону за помощью, и он соглашается защищать ее от опасности. В процессе их взаимодействия Леон начинает обучать Матильду искусству убийства, чтобы она могла отомстить за свою семью.", "image": "users/films/18/1713704966.6581967_e02f5f83-43ff-437f-97e8-0b113a6e3193-3.png", "age_limit": "18+", "genres": [6, 9], "directors": [9, 10], "countries": [8, 9], "actors": [1, 2, 12]}}, {"model": "films.film", "pk": 19, "fields": {"name": "Терминатор 2: Судный день", "duration": 137, "release_date": "1991-07-03", "description": "Главный герой Джон Коннор, который в будущем станет лидером сопротивления против машин, на этот раз оказывается в опасной ситуации, когда наемный киборг, известный как Т-800, отправляется в прошлое, чтобы защитить его от продвинутой модели Т-1000, которая была послана Skynet для его уничтожения.", "image": "users/films/19/1713704895.4999862_f5b50439-09d6-4df7-a807-39eed10e1b0b-2.png", "age_limit": "18+", "genres": [4, 9], "directors": [4], "countries": [6], "actors": [4]}}, {"model": "films.film", "pk": 20, "fields": {"name": "ВАЛЛ·И", "duration": 98, "release_date": "2008-06-27", "description": "Главный герой, робот ВАЛЛ·И, одиноко работает на Земле, очищая поверхность от отходов. Он обнаруживает свою одиночество и мечтает о дружбе. Все меняется, когда на Землю прилетает космический корабль с роботом по имени Ива, который был отправлен исследовать планету на предмет пригодности для жизни.", "image": "users/films/20/1713704791.52796_41c9fae6-f411-40fe-b13a-6f81a0b89b74-3.png", "age_limit": "12+", "genres": [1, 4], "directors": [1, 12], "countries": [1], "actors": [5]}}, {"model": "films.film", "pk": 21, "fields": {"name": "Джанго освобожденный", "duration": 165, "release_date": "2012-12-25", "description": "Сюжет разворачивается в американском Южном штате за два года до начала Гражданской войны. Главный герой, Джанго, - бывший раб, который в результате цепочки событий оказывается вместе с охотником за головами по имени Шульц в роли помощника. Шульц обещает освободить Джанго, если тот поможет ему поймать нескольких преступников. По мере развития сюжета Джанго осваивается с ролью охотника за головами и преследует свою собственную цель - освободить свою жену из рабства.", "image": "users/films/21/1713704828.549848_2c851cbf-ac2f-4206-869f-744697442eae-1.png", "age_limit": "12+", "genres": [6], "directors": [1], "countries": [1, 12], "actors": [2, 4]}}, {"model": "films.film", "pk": 22, "fields": {"name": "Исчезнувшая", "duration": 145, "release_date": "2014-10-02", "description": "Сюжет фильма следует за главными героями, Келли и Беном, чья младшая дочь Ника исчезает во время поездки по штатам. По мере того как они начинают искать девочку и разгадывать тайну ее исчезновения, становится очевидно, что это событие связано с мрачным и опасным прошлым, о котором они даже не подозревали. С каждым шагом родители погружаются во все более запутанный заговор, который угрожает разрушить все, что они знают, и подвергает их собственные жизни величайшей опасности.", "image": "users/films/22/1713704586.6632185_954261ed-9a2f-4d80-a42d-a230d8dd9982-2.png", "age_limit": "18+", "genres": [6], "directors": [6, 7], "countries": [11], "actors": [6, 8]}}, {"model": "films.film", "pk": 23, "fields": {"name": "Храброе сердце", "duration": 177, "release_date": "1995-09-08", "description": "Сюжет фильма рассказывает историю Уильяма Уоллеса, шотландского национального героя, который возглавил восстание против английского короля Эдварда I в XIII веке.  Главный герой, Уильям Уоллес, становится символом свободы для шотландского народа, который страдает от тирании английских захватчиков. Он ведет свой народ в борьбе за независимость и освобождение от угнетения. В ходе своего пути он объединяет разрозненные кланы и воины в борьбе против англичан, демонстрируя необыкновенное мужество, решимость и преданность своей стране.", "image": "users/films/23/1713704535.70412_30f0721a-360b-458b-8cb7-41d4d96a741f-1.png", "age_limit": "16+", "genres": [6], "directors": [4, 5, 6, 7], "countries": [2], "actors": [12]}}, {"model": "films.film", "pk": 24, "fields": {"name": "Гарри Поттер и Философский камень", "duration": 152, "release_date": "2001-11-16", "description": "В фильме рассказывается о приключениях Гарри Поттера, который обнаруживает, что он - сирота, но волшебник, и отправляется в Хогвартс, школу магии и волшебства.  Сюжет фильма начинается с того, как Гарри Поттер живет у своих тети и дяди, которые ненавидят его. Внезапно для него приходит письмо, приглашающее его поступить в Хогвартс, где он узнает о своем настоящем происхождении и удивительных способностях.", "image": "users/films/24/1713704445.330757_c9b1108f-e067-455c-9052-ea142d23af40-3.png", "age_limit": "12+", "genres": [7, 9], "directors": [5, 12], "countries": [2], "actors": [5, 6, 7, 8, 9, 10, 11, 12]}}, {"model": "films.film", "pk": 25, "fields": {"name": "Индиана Джонс: В поисках утраченного ковчега", "duration": 115, "release_date": "1981-06-12", "description": "Индиана Джонс отправляется в опасное приключение в поисках древнего артефакта - ковчега завета. Сюжет фильма разворачивается в 1936 году, когда Индиана Джонс нанимается правительством США, чтобы найти ковчег, который, по легенде, содержит силу божью и может дать своему обладателю неограниченную власть.", "image": "users/films/25/1713704306.6897957_eea49eb9-a08c-474c-963d-e967be28c21f-1.png", "age_limit": "12+", "genres": [6, 7], "directors": [1, 8, 9, 10], "countries": [1], "actors": [6]}}, {"model": "films.film", "pk": 26, "fields": {"name": "Красота по-американски", "duration": 122, "release_date": "1999-09-08", "description": "История разворачивается в тихом американском пригороде, где каждый день кажется рутинным и однообразным. В этой обыденной жизни мы встречаем обычную американскую семью - отца, мать и двух детей. Хотя на первый взгляд их повседневная жизнь кажется обычной, каждый из членов семьи сталкивается с собственными внутренними борьбами и трудностями. Отец, мечтающий о большем, сталкивается с давлением общества и собственных амбиций. Мать, пытающаяся сохранить гармонию в семье, ищет красоту в повседневных моментах. Дети, погруженные в мир собственных проблем и поиска своего места в жизни, сталкиваются с первой любовью и разочарованиями.", "image": "users/films/26/1713704243.7448034_45917da8-35eb-4d8d-bde5-1ee548045775-2.png", "age_limit": "12+", "genres": [2, 8], "directors": [7, 8], "countries": [1, 3], "actors": [1, 10, 11, 12]}}]